label,tag
omni0709,Alphabet_of_the_Magi/character01
omni0710,Alphabet_of_the_Magi/character02
omni0711,Alphabet_of_the_Magi/character03
omni0712,Alphabet_of_the_Magi/character04
omni0713,Alphabet_of_the_Magi/character05
omni0714,Alphabet_of_the_Magi/character06
omni0715,Alphabet_of_the_Magi/character07
omni0716,Alphabet_of_the_Magi/character08
omni0717,Alphabet_of_the_Magi/character09
omni0718,Alphabet_of_the_Magi/character10
omni0719,Alphabet_of_the_Magi/character11
omni0720,Alphabet_of_the_Magi/character12
omni0721,Alphabet_of_the_Magi/character13
omni0722,Alphabet_of_the_Magi/character14
omni0723,Alphabet_of_the_Magi/character15
omni0724,Alphabet_of_the_Magi/character16
omni0725,Alphabet_of_the_Magi/character17
omni0726,Alphabet_of_the_Magi/character18
omni0727,Alphabet_of_the_Magi/character19
omni0728,Alphabet_of_the_Magi/character20
omni0965,Angelic/character01
omni0966,Angelic/character02
omni0967,Angelic/character03
omni0968,Angelic/character04
omni0969,Angelic/character05
omni0970,Angelic/character06
omni0971,Angelic/character07
omni0972,Angelic/character08
omni0973,Angelic/character09
omni0974,Angelic/character10
omni0975,Angelic/character11
omni0976,Angelic/character12
omni0977,Angelic/character13
omni0978,Angelic/character14
omni0979,Angelic/character15
omni0980,Angelic/character16
omni0981,Angelic/character17
omni0982,Angelic/character18
omni0983,Angelic/character19
omni0984,Angelic/character20
omni0296,Anglo-Saxon_Futhorc/character01
omni0297,Anglo-Saxon_Futhorc/character02
omni0298,Anglo-Saxon_Futhorc/character03
omni0299,Anglo-Saxon_Futhorc/character04
omni0300,Anglo-Saxon_Futhorc/character05
omni0301,Anglo-Saxon_Futhorc/character06
omni0302,Anglo-Saxon_Futhorc/character07
omni0303,Anglo-Saxon_Futhorc/character08
omni0304,Anglo-Saxon_Futhorc/character09
omni0305,Anglo-Saxon_Futhorc/character10
omni0306,Anglo-Saxon_Futhorc/character11
omni0307,Anglo-Saxon_Futhorc/character12
omni0308,Anglo-Saxon_Futhorc/character13
omni0309,Anglo-Saxon_Futhorc/character14
omni0310,Anglo-Saxon_Futhorc/character15
omni0311,Anglo-Saxon_Futhorc/character16
omni0312,Anglo-Saxon_Futhorc/character17
omni0313,Anglo-Saxon_Futhorc/character18
omni0314,Anglo-Saxon_Futhorc/character19
omni0315,Anglo-Saxon_Futhorc/character20
omni0316,Anglo-Saxon_Futhorc/character21
omni0317,Anglo-Saxon_Futhorc/character22
omni0318,Anglo-Saxon_Futhorc/character23
omni0319,Anglo-Saxon_Futhorc/character24
omni0320,Anglo-Saxon_Futhorc/character25
omni0321,Anglo-Saxon_Futhorc/character26
omni0322,Anglo-Saxon_Futhorc/character27
omni0323,Anglo-Saxon_Futhorc/character28
omni0324,Anglo-Saxon_Futhorc/character29
omni0001,Arcadian/character01
omni0002,Arcadian/character02
omni0003,Arcadian/character03
omni0004,Arcadian/character04
omni0005,Arcadian/character05
omni0006,Arcadian/character06
omni0007,Arcadian/character07
omni0008,Arcadian/character08
omni0009,Arcadian/character09
omni0010,Arcadian/character10
omni0011,Arcadian/character11
omni0012,Arcadian/character12
omni0013,Arcadian/character13
omni0014,Arcadian/character14
omni0015,Arcadian/character15
omni0016,Arcadian/character16
omni0017,Arcadian/character17
omni0018,Arcadian/character18
omni0019,Arcadian/character19
omni0020,Arcadian/character20
omni0021,Arcadian/character21
omni0022,Arcadian/character22
omni0023,Arcadian/character23
omni0024,Arcadian/character24
omni0025,Arcadian/character25
omni0026,Arcadian/character26
omni0027,Armenian/character01
omni0028,Armenian/character02
omni0029,Armenian/character03
omni0030,Armenian/character04
omni0031,Armenian/character05
omni0032,Armenian/character06
omni0033,Armenian/character07
omni0034,Armenian/character08
omni0035,Armenian/character09
omni0036,Armenian/character10
omni0037,Armenian/character11
omni0038,Armenian/character12
omni0039,Armenian/character13
omni0040,Armenian/character14
omni0041,Armenian/character15
omni0042,Armenian/character16
omni0043,Armenian/character17
omni0044,Armenian/character18
omni0045,Armenian/character19
omni0046,Armenian/character20
omni0047,Armenian/character21
omni0048,Armenian/character22
omni0049,Armenian/character23
omni0050,Armenian/character24
omni0051,Armenian/character25
omni0052,Armenian/character26
omni0053,Armenian/character27
omni0054,Armenian/character28
omni0055,Armenian/character29
omni0056,Armenian/character30
omni0057,Armenian/character31
omni0058,Armenian/character32
omni0059,Armenian/character33
omni0060,Armenian/character34
omni0061,Armenian/character35
omni0062,Armenian/character36
omni0063,Armenian/character37
omni0064,Armenian/character38
omni0065,Armenian/character39
omni0066,Armenian/character40
omni0067,Armenian/character41
omni0068,Asomtavruli_(Georgian)/character01
omni0069,Asomtavruli_(Georgian)/character02
omni0070,Asomtavruli_(Georgian)/character03
omni0071,Asomtavruli_(Georgian)/character04
omni0072,Asomtavruli_(Georgian)/character05
omni0073,Asomtavruli_(Georgian)/character06
omni0074,Asomtavruli_(Georgian)/character07
omni0075,Asomtavruli_(Georgian)/character08
omni0076,Asomtavruli_(Georgian)/character09
omni0077,Asomtavruli_(Georgian)/character10
omni0078,Asomtavruli_(Georgian)/character11
omni0079,Asomtavruli_(Georgian)/character12
omni0080,Asomtavruli_(Georgian)/character13
omni0081,Asomtavruli_(Georgian)/character14
omni0082,Asomtavruli_(Georgian)/character15
omni0083,Asomtavruli_(Georgian)/character16
omni0084,Asomtavruli_(Georgian)/character17
omni0085,Asomtavruli_(Georgian)/character18
omni0086,Asomtavruli_(Georgian)/character19
omni0087,Asomtavruli_(Georgian)/character20
omni0088,Asomtavruli_(Georgian)/character21
omni0089,Asomtavruli_(Georgian)/character22
omni0090,Asomtavruli_(Georgian)/character23
omni0091,Asomtavruli_(Georgian)/character24
omni0092,Asomtavruli_(Georgian)/character25
omni0093,Asomtavruli_(Georgian)/character26
omni0094,Asomtavruli_(Georgian)/character27
omni0095,Asomtavruli_(Georgian)/character28
omni0096,Asomtavruli_(Georgian)/character29
omni0097,Asomtavruli_(Georgian)/character30
omni0098,Asomtavruli_(Georgian)/character31
omni0099,Asomtavruli_(Georgian)/character32
omni0100,Asomtavruli_(Georgian)/character33
omni0101,Asomtavruli_(Georgian)/character34
omni0102,Asomtavruli_(Georgian)/character35
omni0103,Asomtavruli_(Georgian)/character36
omni0104,Asomtavruli_(Georgian)/character37
omni0105,Asomtavruli_(Georgian)/character38
omni0106,Asomtavruli_(Georgian)/character39
omni0107,Asomtavruli_(Georgian)/character40
omni0985,Atemayar_Qelisayer/character01
omni0986,Atemayar_Qelisayer/character02
omni0987,Atemayar_Qelisayer/character03
omni0988,Atemayar_Qelisayer/character04
omni0989,Atemayar_Qelisayer/character05
omni0990,Atemayar_Qelisayer/character06
omni0991,Atemayar_Qelisayer/character07
omni0992,Atemayar_Qelisayer/character08
omni0993,Atemayar_Qelisayer/character09
omni0994,Atemayar_Qelisayer/character10
omni0995,Atemayar_Qelisayer/character11
omni0996,Atemayar_Qelisayer/character12
omni0997,Atemayar_Qelisayer/character13
omni0998,Atemayar_Qelisayer/character14
omni0999,Atemayar_Qelisayer/character15
omni1000,Atemayar_Qelisayer/character16
omni1001,Atemayar_Qelisayer/character17
omni1002,Atemayar_Qelisayer/character18
omni1003,Atemayar_Qelisayer/character19
omni1004,Atemayar_Qelisayer/character20
omni1005,Atemayar_Qelisayer/character21
omni1006,Atemayar_Qelisayer/character22
omni1007,Atemayar_Qelisayer/character23
omni1008,Atemayar_Qelisayer/character24
omni1009,Atemayar_Qelisayer/character25
omni1010,Atemayar_Qelisayer/character26
omni1011,Atlantean/character01
omni1012,Atlantean/character02
omni1013,Atlantean/character03
omni1014,Atlantean/character04
omni1015,Atlantean/character05
omni1016,Atlantean/character06
omni1017,Atlantean/character07
omni1018,Atlantean/character08
omni1019,Atlantean/character09
omni1020,Atlantean/character10
omni1021,Atlantean/character11
omni1022,Atlantean/character12
omni1023,Atlantean/character13
omni1024,Atlantean/character14
omni1025,Atlantean/character15
omni1026,Atlantean/character16
omni1027,Atlantean/character17
omni1028,Atlantean/character18
omni1029,Atlantean/character19
omni1030,Atlantean/character20
omni1031,Atlantean/character21
omni1032,Atlantean/character22
omni1033,Atlantean/character23
omni1034,Atlantean/character24
omni1035,Atlantean/character25
omni1036,Atlantean/character26
omni1037,Aurek-Besh/character01
omni1038,Aurek-Besh/character02
omni1039,Aurek-Besh/character03
omni1040,Aurek-Besh/character04
omni1041,Aurek-Besh/character05
omni1042,Aurek-Besh/character06
omni1043,Aurek-Besh/character07
omni1044,Aurek-Besh/character08
omni1045,Aurek-Besh/character09
omni1046,Aurek-Besh/character10
omni1047,Aurek-Besh/character11
omni1048,Aurek-Besh/character12
omni1049,Aurek-Besh/character13
omni1050,Aurek-Besh/character14
omni1051,Aurek-Besh/character15
omni1052,Aurek-Besh/character16
omni1053,Aurek-Besh/character17
omni1054,Aurek-Besh/character18
omni1055,Aurek-Besh/character19
omni1056,Aurek-Besh/character20
omni1057,Aurek-Besh/character21
omni1058,Aurek-Besh/character22
omni1059,Aurek-Besh/character23
omni1060,Aurek-Besh/character24
omni1061,Aurek-Besh/character25
omni1062,Aurek-Besh/character26
omni1063,Avesta/character01
omni1064,Avesta/character02
omni1065,Avesta/character03
omni1066,Avesta/character04
omni1067,Avesta/character05
omni1068,Avesta/character06
omni1069,Avesta/character07
omni1070,Avesta/character08
omni1071,Avesta/character09
omni1072,Avesta/character10
omni1073,Avesta/character11
omni1074,Avesta/character12
omni1075,Avesta/character13
omni1076,Avesta/character14
omni1077,Avesta/character15
omni1078,Avesta/character16
omni1079,Avesta/character17
omni1080,Avesta/character18
omni1081,Avesta/character19
omni1082,Avesta/character20
omni1083,Avesta/character21
omni1084,Avesta/character22
omni1085,Avesta/character23
omni1086,Avesta/character24
omni1087,Avesta/character25
omni1088,Avesta/character26
omni0108,Balinese/character01
omni0109,Balinese/character02
omni0110,Balinese/character03
omni0111,Balinese/character04
omni0112,Balinese/character05
omni0113,Balinese/character06
omni0114,Balinese/character07
omni0115,Balinese/character08
omni0116,Balinese/character09
omni0117,Balinese/character10
omni0118,Balinese/character11
omni0119,Balinese/character12
omni0120,Balinese/character13
omni0121,Balinese/character14
omni0122,Balinese/character15
omni0123,Balinese/character16
omni0124,Balinese/character17
omni0125,Balinese/character18
omni0126,Balinese/character19
omni0127,Balinese/character20
omni0128,Balinese/character21
omni0129,Balinese/character22
omni0130,Balinese/character23
omni0131,Balinese/character24
omni0132,Bengali/character01
omni0133,Bengali/character02
omni0134,Bengali/character03
omni0135,Bengali/character04
omni0136,Bengali/character05
omni0137,Bengali/character06
omni0138,Bengali/character07
omni0139,Bengali/character08
omni0140,Bengali/character09
omni0141,Bengali/character10
omni0142,Bengali/character11
omni0143,Bengali/character12
omni0144,Bengali/character13
omni0145,Bengali/character14
omni0146,Bengali/character15
omni0147,Bengali/character16
omni0148,Bengali/character17
omni0149,Bengali/character18
omni0150,Bengali/character19
omni0151,Bengali/character20
omni0152,Bengali/character21
omni0153,Bengali/character22
omni0154,Bengali/character23
omni0155,Bengali/character24
omni0156,Bengali/character25
omni0157,Bengali/character26
omni0158,Bengali/character27
omni0159,Bengali/character28
omni0160,Bengali/character29
omni0161,Bengali/character30
omni0162,Bengali/character31
omni0163,Bengali/character32
omni0164,Bengali/character33
omni0165,Bengali/character34
omni0166,Bengali/character35
omni0167,Bengali/character36
omni0168,Bengali/character37
omni0169,Bengali/character38
omni0170,Bengali/character39
omni0171,Bengali/character40
omni0172,Bengali/character41
omni0173,Bengali/character42
omni0174,Bengali/character43
omni0175,Bengali/character44
omni0176,Bengali/character45
omni0177,Bengali/character46
omni0178,Blackfoot_(Canadian_Aboriginal_Syllabics)/character01
omni0179,Blackfoot_(Canadian_Aboriginal_Syllabics)/character02
omni0180,Blackfoot_(Canadian_Aboriginal_Syllabics)/character03
omni0181,Blackfoot_(Canadian_Aboriginal_Syllabics)/character04
omni0182,Blackfoot_(Canadian_Aboriginal_Syllabics)/character05
omni0183,Blackfoot_(Canadian_Aboriginal_Syllabics)/character06
omni0184,Blackfoot_(Canadian_Aboriginal_Syllabics)/character07
omni0185,Blackfoot_(Canadian_Aboriginal_Syllabics)/character08
omni0186,Blackfoot_(Canadian_Aboriginal_Syllabics)/character09
omni0187,Blackfoot_(Canadian_Aboriginal_Syllabics)/character10
omni0188,Blackfoot_(Canadian_Aboriginal_Syllabics)/character11
omni0189,Blackfoot_(Canadian_Aboriginal_Syllabics)/character12
omni0190,Blackfoot_(Canadian_Aboriginal_Syllabics)/character13
omni0191,Blackfoot_(Canadian_Aboriginal_Syllabics)/character14
omni0192,Braille/character01
omni0193,Braille/character02
omni0194,Braille/character03
omni0195,Braille/character04
omni0196,Braille/character05
omni0197,Braille/character06
omni0198,Braille/character07
omni0199,Braille/character08
omni0200,Braille/character09
omni0201,Braille/character10
omni0202,Braille/character11
omni0203,Braille/character12
omni0204,Braille/character13
omni0205,Braille/character14
omni0206,Braille/character15
omni0207,Braille/character16
omni0208,Braille/character17
omni0209,Braille/character18
omni0210,Braille/character19
omni0211,Braille/character20
omni0212,Braille/character21
omni0213,Braille/character22
omni0214,Braille/character23
omni0215,Braille/character24
omni0216,Braille/character25
omni0217,Braille/character26
omni0770,Burmese_(Myanmar)/character01
omni0771,Burmese_(Myanmar)/character02
omni0772,Burmese_(Myanmar)/character03
omni0773,Burmese_(Myanmar)/character04
omni0774,Burmese_(Myanmar)/character05
omni0775,Burmese_(Myanmar)/character06
omni0776,Burmese_(Myanmar)/character07
omni0777,Burmese_(Myanmar)/character08
omni0778,Burmese_(Myanmar)/character09
omni0779,Burmese_(Myanmar)/character10
omni0780,Burmese_(Myanmar)/character11
omni0781,Burmese_(Myanmar)/character12
omni0782,Burmese_(Myanmar)/character13
omni0783,Burmese_(Myanmar)/character14
omni0784,Burmese_(Myanmar)/character15
omni0785,Burmese_(Myanmar)/character16
omni0786,Burmese_(Myanmar)/character17
omni0787,Burmese_(Myanmar)/character18
omni0788,Burmese_(Myanmar)/character19
omni0789,Burmese_(Myanmar)/character20
omni0790,Burmese_(Myanmar)/character21
omni0791,Burmese_(Myanmar)/character22
omni0792,Burmese_(Myanmar)/character23
omni0793,Burmese_(Myanmar)/character24
omni0794,Burmese_(Myanmar)/character25
omni0795,Burmese_(Myanmar)/character26
omni0796,Burmese_(Myanmar)/character27
omni0797,Burmese_(Myanmar)/character28
omni0798,Burmese_(Myanmar)/character29
omni0799,Burmese_(Myanmar)/character30
omni0800,Burmese_(Myanmar)/character31
omni0801,Burmese_(Myanmar)/character32
omni0802,Burmese_(Myanmar)/character33
omni0803,Burmese_(Myanmar)/character34
omni0218,Cyrillic/character01
omni0219,Cyrillic/character02
omni0220,Cyrillic/character03
omni0221,Cyrillic/character04
omni0222,Cyrillic/character05
omni0223,Cyrillic/character06
omni0224,Cyrillic/character07
omni0225,Cyrillic/character08
omni0226,Cyrillic/character09
omni0227,Cyrillic/character10
omni0228,Cyrillic/character11
omni0229,Cyrillic/character12
omni0230,Cyrillic/character13
omni0231,Cyrillic/character14
omni0232,Cyrillic/character15
omni0233,Cyrillic/character16
omni0234,Cyrillic/character17
omni0235,Cyrillic/character18
omni0236,Cyrillic/character19
omni0237,Cyrillic/character20
omni0238,Cyrillic/character21
omni0239,Cyrillic/character22
omni0240,Cyrillic/character23
omni0241,Cyrillic/character24
omni0242,Cyrillic/character25
omni0243,Cyrillic/character26
omni0244,Cyrillic/character27
omni0245,Cyrillic/character28
omni0246,Cyrillic/character29
omni0247,Cyrillic/character30
omni0248,Cyrillic/character31
omni0249,Cyrillic/character32
omni0250,Cyrillic/character33
omni0251,Early_Aramaic/character01
omni0252,Early_Aramaic/character02
omni0253,Early_Aramaic/character03
omni0254,Early_Aramaic/character04
omni0255,Early_Aramaic/character05
omni0256,Early_Aramaic/character06
omni0257,Early_Aramaic/character07
omni0258,Early_Aramaic/character08
omni0259,Early_Aramaic/character09
omni0260,Early_Aramaic/character10
omni0261,Early_Aramaic/character11
omni0262,Early_Aramaic/character12
omni0263,Early_Aramaic/character13
omni0264,Early_Aramaic/character14
omni0265,Early_Aramaic/character15
omni0266,Early_Aramaic/character16
omni0267,Early_Aramaic/character17
omni0268,Early_Aramaic/character18
omni0269,Early_Aramaic/character19
omni0270,Early_Aramaic/character20
omni0271,Early_Aramaic/character21
omni0272,Early_Aramaic/character22
omni0325,Futurama/character01
omni0326,Futurama/character02
omni0327,Futurama/character03
omni0328,Futurama/character04
omni0329,Futurama/character05
omni0330,Futurama/character06
omni0331,Futurama/character07
omni0332,Futurama/character08
omni0333,Futurama/character09
omni0334,Futurama/character10
omni0335,Futurama/character11
omni0336,Futurama/character12
omni0337,Futurama/character13
omni0338,Futurama/character14
omni0339,Futurama/character15
omni0340,Futurama/character16
omni0341,Futurama/character17
omni0342,Futurama/character18
omni0343,Futurama/character19
omni0344,Futurama/character20
omni0345,Futurama/character21
omni0346,Futurama/character22
omni0347,Futurama/character23
omni0348,Futurama/character24
omni0349,Futurama/character25
omni0350,Futurama/character26
omni1089,Ge_ez/character01
omni1090,Ge_ez/character02
omni1091,Ge_ez/character03
omni1092,Ge_ez/character04
omni1093,Ge_ez/character05
omni1094,Ge_ez/character06
omni1095,Ge_ez/character07
omni1096,Ge_ez/character08
omni1097,Ge_ez/character09
omni1098,Ge_ez/character10
omni1099,Ge_ez/character11
omni1100,Ge_ez/character12
omni1101,Ge_ez/character13
omni1102,Ge_ez/character14
omni1103,Ge_ez/character15
omni1104,Ge_ez/character16
omni1105,Ge_ez/character17
omni1106,Ge_ez/character18
omni1107,Ge_ez/character19
omni1108,Ge_ez/character20
omni1109,Ge_ez/character21
omni1110,Ge_ez/character22
omni1111,Ge_ez/character23
omni1112,Ge_ez/character24
omni1113,Ge_ez/character25
omni1114,Ge_ez/character26
omni1115,Glagolitic/character01
omni1116,Glagolitic/character02
omni1117,Glagolitic/character03
omni1118,Glagolitic/character04
omni1119,Glagolitic/character05
omni1120,Glagolitic/character06
omni1121,Glagolitic/character07
omni1122,Glagolitic/character08
omni1123,Glagolitic/character09
omni1124,Glagolitic/character10
omni1125,Glagolitic/character11
omni1126,Glagolitic/character12
omni1127,Glagolitic/character13
omni1128,Glagolitic/character14
omni1129,Glagolitic/character15
omni1130,Glagolitic/character16
omni1131,Glagolitic/character17
omni1132,Glagolitic/character18
omni1133,Glagolitic/character19
omni1134,Glagolitic/character20
omni1135,Glagolitic/character21
omni1136,Glagolitic/character22
omni1137,Glagolitic/character23
omni1138,Glagolitic/character24
omni1139,Glagolitic/character25
omni1140,Glagolitic/character26
omni1141,Glagolitic/character27
omni1142,Glagolitic/character28
omni1143,Glagolitic/character29
omni1144,Glagolitic/character30
omni1145,Glagolitic/character31
omni1146,Glagolitic/character32
omni1147,Glagolitic/character33
omni1148,Glagolitic/character34
omni1149,Glagolitic/character35
omni1150,Glagolitic/character36
omni1151,Glagolitic/character37
omni1152,Glagolitic/character38
omni1153,Glagolitic/character39
omni1154,Glagolitic/character40
omni1155,Glagolitic/character41
omni1156,Glagolitic/character42
omni1157,Glagolitic/character43
omni1158,Glagolitic/character44
omni1159,Glagolitic/character45
omni0351,Grantha/character01
omni0352,Grantha/character02
omni0353,Grantha/character03
omni0354,Grantha/character04
omni0355,Grantha/character05
omni0356,Grantha/character06
omni0357,Grantha/character07
omni0358,Grantha/character08
omni0359,Grantha/character09
omni0360,Grantha/character10
omni0361,Grantha/character11
omni0362,Grantha/character12
omni0363,Grantha/character13
omni0364,Grantha/character14
omni0365,Grantha/character15
omni0366,Grantha/character16
omni0367,Grantha/character17
omni0368,Grantha/character18
omni0369,Grantha/character19
omni0370,Grantha/character20
omni0371,Grantha/character21
omni0372,Grantha/character22
omni0373,Grantha/character23
omni0374,Grantha/character24
omni0375,Grantha/character25
omni0376,Grantha/character26
omni0377,Grantha/character27
omni0378,Grantha/character28
omni0379,Grantha/character29
omni0380,Grantha/character30
omni0381,Grantha/character31
omni0382,Grantha/character32
omni0383,Grantha/character33
omni0384,Grantha/character34
omni0385,Grantha/character35
omni0386,Grantha/character36
omni0387,Grantha/character37
omni0388,Grantha/character38
omni0389,Grantha/character39
omni0390,Grantha/character40
omni0391,Grantha/character41
omni0392,Grantha/character42
omni0393,Grantha/character43
omni0394,Greek/character01
omni0395,Greek/character02
omni0396,Greek/character03
omni0397,Greek/character04
omni0398,Greek/character05
omni0399,Greek/character06
omni0400,Greek/character07
omni0401,Greek/character08
omni0402,Greek/character09
omni0403,Greek/character10
omni0404,Greek/character11
omni0405,Greek/character12
omni0406,Greek/character13
omni0407,Greek/character14
omni0408,Greek/character15
omni0409,Greek/character16
omni0410,Greek/character17
omni0411,Greek/character18
omni0412,Greek/character19
omni0413,Greek/character20
omni0414,Greek/character21
omni0415,Greek/character22
omni0416,Greek/character23
omni0417,Greek/character24
omni0418,Gujarati/character01
omni0419,Gujarati/character02
omni0420,Gujarati/character03
omni0421,Gujarati/character04
omni0422,Gujarati/character05
omni0423,Gujarati/character06
omni0424,Gujarati/character07
omni0425,Gujarati/character08
omni0426,Gujarati/character09
omni0427,Gujarati/character10
omni0428,Gujarati/character11
omni0429,Gujarati/character12
omni0430,Gujarati/character13
omni0431,Gujarati/character14
omni0432,Gujarati/character15
omni0433,Gujarati/character16
omni0434,Gujarati/character17
omni0435,Gujarati/character18
omni0436,Gujarati/character19
omni0437,Gujarati/character20
omni0438,Gujarati/character21
omni0439,Gujarati/character22
omni0440,Gujarati/character23
omni0441,Gujarati/character24
omni0442,Gujarati/character25
omni0443,Gujarati/character26
omni0444,Gujarati/character27
omni0445,Gujarati/character28
omni0446,Gujarati/character29
omni0447,Gujarati/character30
omni0448,Gujarati/character31
omni0449,Gujarati/character32
omni0450,Gujarati/character33
omni0451,Gujarati/character34
omni0452,Gujarati/character35
omni0453,Gujarati/character36
omni0454,Gujarati/character37
omni0455,Gujarati/character38
omni0456,Gujarati/character39
omni0457,Gujarati/character40
omni0458,Gujarati/character41
omni0459,Gujarati/character42
omni0460,Gujarati/character43
omni0461,Gujarati/character44
omni0462,Gujarati/character45
omni0463,Gujarati/character46
omni0464,Gujarati/character47
omni0465,Gujarati/character48
omni1160,Gurmukhi/character01
omni1161,Gurmukhi/character02
omni1162,Gurmukhi/character03
omni1163,Gurmukhi/character04
omni1164,Gurmukhi/character05
omni1165,Gurmukhi/character06
omni1166,Gurmukhi/character07
omni1167,Gurmukhi/character08
omni1168,Gurmukhi/character09
omni1169,Gurmukhi/character10
omni1170,Gurmukhi/character11
omni1171,Gurmukhi/character12
omni1172,Gurmukhi/character13
omni1173,Gurmukhi/character14
omni1174,Gurmukhi/character15
omni1175,Gurmukhi/character16
omni1176,Gurmukhi/character17
omni1177,Gurmukhi/character18
omni1178,Gurmukhi/character19
omni1179,Gurmukhi/character20
omni1180,Gurmukhi/character21
omni1181,Gurmukhi/character22
omni1182,Gurmukhi/character23
omni1183,Gurmukhi/character24
omni1184,Gurmukhi/character25
omni1185,Gurmukhi/character26
omni1186,Gurmukhi/character27
omni1187,Gurmukhi/character28
omni1188,Gurmukhi/character29
omni1189,Gurmukhi/character30
omni1190,Gurmukhi/character31
omni1191,Gurmukhi/character32
omni1192,Gurmukhi/character33
omni1193,Gurmukhi/character34
omni1194,Gurmukhi/character35
omni1195,Gurmukhi/character36
omni1196,Gurmukhi/character37
omni1197,Gurmukhi/character38
omni1198,Gurmukhi/character39
omni1199,Gurmukhi/character40
omni1200,Gurmukhi/character41
omni1201,Gurmukhi/character42
omni1202,Gurmukhi/character43
omni1203,Gurmukhi/character44
omni1204,Gurmukhi/character45
omni0466,Hebrew/character01
omni0467,Hebrew/character02
omni0468,Hebrew/character03
omni0469,Hebrew/character04
omni0470,Hebrew/character05
omni0471,Hebrew/character06
omni0472,Hebrew/character07
omni0473,Hebrew/character08
omni0474,Hebrew/character09
omni0475,Hebrew/character10
omni0476,Hebrew/character11
omni0477,Hebrew/character12
omni0478,Hebrew/character13
omni0479,Hebrew/character14
omni0480,Hebrew/character15
omni0481,Hebrew/character16
omni0482,Hebrew/character17
omni0483,Hebrew/character18
omni0484,Hebrew/character19
omni0485,Hebrew/character20
omni0486,Hebrew/character21
omni0487,Hebrew/character22
omni0540,Inuktitut_(Canadian_Aboriginal_Syllabics)/character01
omni0541,Inuktitut_(Canadian_Aboriginal_Syllabics)/character02
omni0542,Inuktitut_(Canadian_Aboriginal_Syllabics)/character03
omni0543,Inuktitut_(Canadian_Aboriginal_Syllabics)/character04
omni0544,Inuktitut_(Canadian_Aboriginal_Syllabics)/character05
omni0545,Inuktitut_(Canadian_Aboriginal_Syllabics)/character06
omni0546,Inuktitut_(Canadian_Aboriginal_Syllabics)/character07
omni0547,Inuktitut_(Canadian_Aboriginal_Syllabics)/character08
omni0548,Inuktitut_(Canadian_Aboriginal_Syllabics)/character09
omni0549,Inuktitut_(Canadian_Aboriginal_Syllabics)/character10
omni0550,Inuktitut_(Canadian_Aboriginal_Syllabics)/character11
omni0551,Inuktitut_(Canadian_Aboriginal_Syllabics)/character12
omni0552,Inuktitut_(Canadian_Aboriginal_Syllabics)/character13
omni0553,Inuktitut_(Canadian_Aboriginal_Syllabics)/character14
omni0554,Inuktitut_(Canadian_Aboriginal_Syllabics)/character15
omni0555,Inuktitut_(Canadian_Aboriginal_Syllabics)/character16
omni0488,Japanese_(hiragana)/character01
omni0489,Japanese_(hiragana)/character02
omni0490,Japanese_(hiragana)/character03
omni0491,Japanese_(hiragana)/character04
omni0492,Japanese_(hiragana)/character05
omni0493,Japanese_(hiragana)/character06
omni0494,Japanese_(hiragana)/character07
omni0495,Japanese_(hiragana)/character08
omni0496,Japanese_(hiragana)/character09
omni0497,Japanese_(hiragana)/character10
omni0498,Japanese_(hiragana)/character11
omni0499,Japanese_(hiragana)/character12
omni0500,Japanese_(hiragana)/character13
omni0501,Japanese_(hiragana)/character14
omni0502,Japanese_(hiragana)/character15
omni0503,Japanese_(hiragana)/character16
omni0504,Japanese_(hiragana)/character17
omni0505,Japanese_(hiragana)/character18
omni0506,Japanese_(hiragana)/character19
omni0507,Japanese_(hiragana)/character20
omni0508,Japanese_(hiragana)/character21
omni0509,Japanese_(hiragana)/character22
omni0510,Japanese_(hiragana)/character23
omni0511,Japanese_(hiragana)/character24
omni0512,Japanese_(hiragana)/character25
omni0513,Japanese_(hiragana)/character26
omni0514,Japanese_(hiragana)/character27
omni0515,Japanese_(hiragana)/character28
omni0516,Japanese_(hiragana)/character29
omni0517,Japanese_(hiragana)/character30
omni0518,Japanese_(hiragana)/character31
omni0519,Japanese_(hiragana)/character32
omni0520,Japanese_(hiragana)/character33
omni0521,Japanese_(hiragana)/character34
omni0522,Japanese_(hiragana)/character35
omni0523,Japanese_(hiragana)/character36
omni0524,Japanese_(hiragana)/character37
omni0525,Japanese_(hiragana)/character38
omni0526,Japanese_(hiragana)/character39
omni0527,Japanese_(hiragana)/character40
omni0528,Japanese_(hiragana)/character41
omni0529,Japanese_(hiragana)/character42
omni0530,Japanese_(hiragana)/character43
omni0531,Japanese_(hiragana)/character44
omni0532,Japanese_(hiragana)/character45
omni0533,Japanese_(hiragana)/character46
omni0534,Japanese_(hiragana)/character47
omni0535,Japanese_(hiragana)/character48
omni0536,Japanese_(hiragana)/character49
omni0537,Japanese_(hiragana)/character50
omni0538,Japanese_(hiragana)/character51
omni0539,Japanese_(hiragana)/character52
omni0596,Japanese_(katakana)/character01
omni0597,Japanese_(katakana)/character02
omni0598,Japanese_(katakana)/character03
omni0599,Japanese_(katakana)/character04
omni0600,Japanese_(katakana)/character05
omni0601,Japanese_(katakana)/character06
omni0602,Japanese_(katakana)/character07
omni0603,Japanese_(katakana)/character08
omni0604,Japanese_(katakana)/character09
omni0605,Japanese_(katakana)/character10
omni0606,Japanese_(katakana)/character11
omni0607,Japanese_(katakana)/character12
omni0608,Japanese_(katakana)/character13
omni0609,Japanese_(katakana)/character14
omni0610,Japanese_(katakana)/character15
omni0611,Japanese_(katakana)/character16
omni0612,Japanese_(katakana)/character17
omni0613,Japanese_(katakana)/character18
omni0614,Japanese_(katakana)/character19
omni0615,Japanese_(katakana)/character20
omni0616,Japanese_(katakana)/character21
omni0617,Japanese_(katakana)/character22
omni0618,Japanese_(katakana)/character23
omni0619,Japanese_(katakana)/character24
omni0620,Japanese_(katakana)/character25
omni0621,Japanese_(katakana)/character26
omni0622,Japanese_(katakana)/character27
omni0623,Japanese_(katakana)/character28
omni0624,Japanese_(katakana)/character29
omni0625,Japanese_(katakana)/character30
omni0626,Japanese_(katakana)/character31
omni0627,Japanese_(katakana)/character32
omni0628,Japanese_(katakana)/character33
omni0629,Japanese_(katakana)/character34
omni0630,Japanese_(katakana)/character35
omni0631,Japanese_(katakana)/character36
omni0632,Japanese_(katakana)/character37
omni0633,Japanese_(katakana)/character38
omni0634,Japanese_(katakana)/character39
omni0635,Japanese_(katakana)/character40
omni0636,Japanese_(katakana)/character41
omni0637,Japanese_(katakana)/character42
omni0638,Japanese_(katakana)/character43
omni0639,Japanese_(katakana)/character44
omni0640,Japanese_(katakana)/character45
omni0641,Japanese_(katakana)/character46
omni0642,Japanese_(katakana)/character47
omni1205,Kannada/character01
omni1206,Kannada/character02
omni1207,Kannada/character03
omni1208,Kannada/character04
omni1209,Kannada/character05
omni1210,Kannada/character06
omni1211,Kannada/character07
omni1212,Kannada/character08
omni1213,Kannada/character09
omni1214,Kannada/character10
omni1215,Kannada/character11
omni1216,Kannada/character12
omni1217,Kannada/character13
omni1218,Kannada/character14
omni1219,Kannada/character15
omni1220,Kannada/character16
omni1221,Kannada/character17
omni1222,Kannada/character18
omni1223,Kannada/character19
omni1224,Kannada/character20
omni1225,Kannada/character21
omni1226,Kannada/character22
omni1227,Kannada/character23
omni1228,Kannada/character24
omni1229,Kannada/character25
omni1230,Kannada/character26
omni1231,Kannada/character27
omni1232,Kannada/character28
omni1233,Kannada/character29
omni1234,Kannada/character30
omni1235,Kannada/character31
omni1236,Kannada/character32
omni1237,Kannada/character33
omni1238,Kannada/character34
omni1239,Kannada/character35
omni1240,Kannada/character36
omni1241,Kannada/character37
omni1242,Kannada/character38
omni1243,Kannada/character39
omni1244,Kannada/character40
omni1245,Kannada/character41
omni1246,Keble/character01
omni1247,Keble/character02
omni1248,Keble/character03
omni1249,Keble/character04
omni1250,Keble/character05
omni1251,Keble/character06
omni1252,Keble/character07
omni1253,Keble/character08
omni1254,Keble/character09
omni1255,Keble/character10
omni1256,Keble/character11
omni1257,Keble/character12
omni1258,Keble/character13
omni1259,Keble/character14
omni1260,Keble/character15
omni1261,Keble/character16
omni1262,Keble/character17
omni1263,Keble/character18
omni1264,Keble/character19
omni1265,Keble/character20
omni1266,Keble/character21
omni1267,Keble/character22
omni1268,Keble/character23
omni1269,Keble/character24
omni1270,Keble/character25
omni1271,Keble/character26
omni0643,Korean/character01
omni0644,Korean/character02
omni0645,Korean/character03
omni0646,Korean/character04
omni0647,Korean/character05
omni0648,Korean/character06
omni0649,Korean/character07
omni0650,Korean/character08
omni0651,Korean/character09
omni0652,Korean/character10
omni0653,Korean/character11
omni0654,Korean/character12
omni0655,Korean/character13
omni0656,Korean/character14
omni0657,Korean/character15
omni0658,Korean/character16
omni0659,Korean/character17
omni0660,Korean/character18
omni0661,Korean/character19
omni0662,Korean/character20
omni0663,Korean/character21
omni0664,Korean/character22
omni0665,Korean/character23
omni0666,Korean/character24
omni0667,Korean/character25
omni0668,Korean/character26
omni0669,Korean/character27
omni0670,Korean/character28
omni0671,Korean/character29
omni0672,Korean/character30
omni0673,Korean/character31
omni0674,Korean/character32
omni0675,Korean/character33
omni0676,Korean/character34
omni0677,Korean/character35
omni0678,Korean/character36
omni0679,Korean/character37
omni0680,Korean/character38
omni0681,Korean/character39
omni0682,Korean/character40
omni0683,Latin/character01
omni0684,Latin/character02
omni0685,Latin/character03
omni0686,Latin/character04
omni0687,Latin/character05
omni0688,Latin/character06
omni0689,Latin/character07
omni0690,Latin/character08
omni0691,Latin/character09
omni0692,Latin/character10
omni0693,Latin/character11
omni0694,Latin/character12
omni0695,Latin/character13
omni0696,Latin/character14
omni0697,Latin/character15
omni0698,Latin/character16
omni0699,Latin/character17
omni0700,Latin/character18
omni0701,Latin/character19
omni0702,Latin/character20
omni0703,Latin/character21
omni0704,Latin/character22
omni0705,Latin/character23
omni0706,Latin/character24
omni0707,Latin/character25
omni0708,Latin/character26
omni1272,Malayalam/character01
omni1273,Malayalam/character02
omni1274,Malayalam/character03
omni1275,Malayalam/character04
omni1276,Malayalam/character05
omni1277,Malayalam/character06
omni1278,Malayalam/character07
omni1279,Malayalam/character08
omni1280,Malayalam/character09
omni1281,Malayalam/character10
omni1282,Malayalam/character11
omni1283,Malayalam/character12
omni1284,Malayalam/character13
omni1285,Malayalam/character14
omni1286,Malayalam/character15
omni1287,Malayalam/character16
omni1288,Malayalam/character17
omni1289,Malayalam/character18
omni1290,Malayalam/character19
omni1291,Malayalam/character20
omni1292,Malayalam/character21
omni1293,Malayalam/character22
omni1294,Malayalam/character23
omni1295,Malayalam/character24
omni1296,Malayalam/character25
omni1297,Malayalam/character26
omni1298,Malayalam/character27
omni1299,Malayalam/character28
omni1300,Malayalam/character29
omni1301,Malayalam/character30
omni1302,Malayalam/character31
omni1303,Malayalam/character32
omni1304,Malayalam/character33
omni1305,Malayalam/character34
omni1306,Malayalam/character35
omni1307,Malayalam/character36
omni1308,Malayalam/character37
omni1309,Malayalam/character38
omni1310,Malayalam/character39
omni1311,Malayalam/character40
omni1312,Malayalam/character41
omni1313,Malayalam/character42
omni1314,Malayalam/character43
omni1315,Malayalam/character44
omni1316,Malayalam/character45
omni1317,Malayalam/character46
omni1318,Malayalam/character47
omni0556,Malay_(Jawi_-_Arabic)/character01
omni0557,Malay_(Jawi_-_Arabic)/character02
omni0558,Malay_(Jawi_-_Arabic)/character03
omni0559,Malay_(Jawi_-_Arabic)/character04
omni0560,Malay_(Jawi_-_Arabic)/character05
omni0561,Malay_(Jawi_-_Arabic)/character06
omni0562,Malay_(Jawi_-_Arabic)/character07
omni0563,Malay_(Jawi_-_Arabic)/character08
omni0564,Malay_(Jawi_-_Arabic)/character09
omni0565,Malay_(Jawi_-_Arabic)/character10
omni0566,Malay_(Jawi_-_Arabic)/character11
omni0567,Malay_(Jawi_-_Arabic)/character12
omni0568,Malay_(Jawi_-_Arabic)/character13
omni0569,Malay_(Jawi_-_Arabic)/character14
omni0570,Malay_(Jawi_-_Arabic)/character15
omni0571,Malay_(Jawi_-_Arabic)/character16
omni0572,Malay_(Jawi_-_Arabic)/character17
omni0573,Malay_(Jawi_-_Arabic)/character18
omni0574,Malay_(Jawi_-_Arabic)/character19
omni0575,Malay_(Jawi_-_Arabic)/character20
omni0576,Malay_(Jawi_-_Arabic)/character21
omni0577,Malay_(Jawi_-_Arabic)/character22
omni0578,Malay_(Jawi_-_Arabic)/character23
omni0579,Malay_(Jawi_-_Arabic)/character24
omni0580,Malay_(Jawi_-_Arabic)/character25
omni0581,Malay_(Jawi_-_Arabic)/character26
omni0582,Malay_(Jawi_-_Arabic)/character27
omni0583,Malay_(Jawi_-_Arabic)/character28
omni0584,Malay_(Jawi_-_Arabic)/character29
omni0585,Malay_(Jawi_-_Arabic)/character30
omni0586,Malay_(Jawi_-_Arabic)/character31
omni0587,Malay_(Jawi_-_Arabic)/character32
omni0588,Malay_(Jawi_-_Arabic)/character33
omni0589,Malay_(Jawi_-_Arabic)/character34
omni0590,Malay_(Jawi_-_Arabic)/character35
omni0591,Malay_(Jawi_-_Arabic)/character36
omni0592,Malay_(Jawi_-_Arabic)/character37
omni0593,Malay_(Jawi_-_Arabic)/character38
omni0594,Malay_(Jawi_-_Arabic)/character39
omni0595,Malay_(Jawi_-_Arabic)/character40
omni1319,Manipuri/character01
omni1320,Manipuri/character02
omni1321,Manipuri/character03
omni1322,Manipuri/character04
omni1323,Manipuri/character05
omni1324,Manipuri/character06
omni1325,Manipuri/character07
omni1326,Manipuri/character08
omni1327,Manipuri/character09
omni1328,Manipuri/character10
omni1329,Manipuri/character11
omni1330,Manipuri/character12
omni1331,Manipuri/character13
omni1332,Manipuri/character14
omni1333,Manipuri/character15
omni1334,Manipuri/character16
omni1335,Manipuri/character17
omni1336,Manipuri/character18
omni1337,Manipuri/character19
omni1338,Manipuri/character20
omni1339,Manipuri/character21
omni1340,Manipuri/character22
omni1341,Manipuri/character23
omni1342,Manipuri/character24
omni1343,Manipuri/character25
omni1344,Manipuri/character26
omni1345,Manipuri/character27
omni1346,Manipuri/character28
omni1347,Manipuri/character29
omni1348,Manipuri/character30
omni1349,Manipuri/character31
omni1350,Manipuri/character32
omni1351,Manipuri/character33
omni1352,Manipuri/character34
omni1353,Manipuri/character35
omni1354,Manipuri/character36
omni1355,Manipuri/character37
omni1356,Manipuri/character38
omni1357,Manipuri/character39
omni1358,Manipuri/character40
omni0729,Mkhedruli_(Georgian)/character01
omni0730,Mkhedruli_(Georgian)/character02
omni0731,Mkhedruli_(Georgian)/character03
omni0732,Mkhedruli_(Georgian)/character04
omni0733,Mkhedruli_(Georgian)/character05
omni0734,Mkhedruli_(Georgian)/character06
omni0735,Mkhedruli_(Georgian)/character07
omni0736,Mkhedruli_(Georgian)/character08
omni0737,Mkhedruli_(Georgian)/character09
omni0738,Mkhedruli_(Georgian)/character10
omni0739,Mkhedruli_(Georgian)/character11
omni0740,Mkhedruli_(Georgian)/character12
omni0741,Mkhedruli_(Georgian)/character13
omni0742,Mkhedruli_(Georgian)/character14
omni0743,Mkhedruli_(Georgian)/character15
omni0744,Mkhedruli_(Georgian)/character16
omni0745,Mkhedruli_(Georgian)/character17
omni0746,Mkhedruli_(Georgian)/character18
omni0747,Mkhedruli_(Georgian)/character19
omni0748,Mkhedruli_(Georgian)/character20
omni0749,Mkhedruli_(Georgian)/character21
omni0750,Mkhedruli_(Georgian)/character22
omni0751,Mkhedruli_(Georgian)/character23
omni0752,Mkhedruli_(Georgian)/character24
omni0753,Mkhedruli_(Georgian)/character25
omni0754,Mkhedruli_(Georgian)/character26
omni0755,Mkhedruli_(Georgian)/character27
omni0756,Mkhedruli_(Georgian)/character28
omni0757,Mkhedruli_(Georgian)/character29
omni0758,Mkhedruli_(Georgian)/character30
omni0759,Mkhedruli_(Georgian)/character31
omni0760,Mkhedruli_(Georgian)/character32
omni0761,Mkhedruli_(Georgian)/character33
omni0762,Mkhedruli_(Georgian)/character34
omni0763,Mkhedruli_(Georgian)/character35
omni0764,Mkhedruli_(Georgian)/character36
omni0765,Mkhedruli_(Georgian)/character37
omni0766,Mkhedruli_(Georgian)/character38
omni0767,Mkhedruli_(Georgian)/character39
omni0768,Mkhedruli_(Georgian)/character40
omni0769,Mkhedruli_(Georgian)/character41
omni1359,Mongolian/character01
omni1360,Mongolian/character02
omni1361,Mongolian/character03
omni1362,Mongolian/character04
omni1363,Mongolian/character05
omni1364,Mongolian/character06
omni1365,Mongolian/character07
omni1366,Mongolian/character08
omni1367,Mongolian/character09
omni1368,Mongolian/character10
omni1369,Mongolian/character11
omni1370,Mongolian/character12
omni1371,Mongolian/character13
omni1372,Mongolian/character14
omni1373,Mongolian/character15
omni1374,Mongolian/character16
omni1375,Mongolian/character17
omni1376,Mongolian/character18
omni1377,Mongolian/character19
omni1378,Mongolian/character20
omni1379,Mongolian/character21
omni1380,Mongolian/character22
omni1381,Mongolian/character23
omni1382,Mongolian/character24
omni1383,Mongolian/character25
omni1384,Mongolian/character26
omni1385,Mongolian/character27
omni1386,Mongolian/character28
omni1387,Mongolian/character29
omni1388,Mongolian/character30
omni0804,N_Ko/character01
omni0805,N_Ko/character02
omni0806,N_Ko/character03
omni0807,N_Ko/character04
omni0808,N_Ko/character05
omni0809,N_Ko/character06
omni0810,N_Ko/character07
omni0811,N_Ko/character08
omni0812,N_Ko/character09
omni0813,N_Ko/character10
omni0814,N_Ko/character11
omni0815,N_Ko/character12
omni0816,N_Ko/character13
omni0817,N_Ko/character14
omni0818,N_Ko/character15
omni0819,N_Ko/character16
omni0820,N_Ko/character17
omni0821,N_Ko/character18
omni0822,N_Ko/character19
omni0823,N_Ko/character20
omni0824,N_Ko/character21
omni0825,N_Ko/character22
omni0826,N_Ko/character23
omni0827,N_Ko/character24
omni0828,N_Ko/character25
omni0829,N_Ko/character26
omni0830,N_Ko/character27
omni0831,N_Ko/character28
omni0832,N_Ko/character29
omni0833,N_Ko/character30
omni0834,N_Ko/character31
omni0835,N_Ko/character32
omni0836,N_Ko/character33
omni0837,Ojibwe_(Canadian_Aboriginal_Syllabics)/character01
omni0838,Ojibwe_(Canadian_Aboriginal_Syllabics)/character02
omni0839,Ojibwe_(Canadian_Aboriginal_Syllabics)/character03
omni0840,Ojibwe_(Canadian_Aboriginal_Syllabics)/character04
omni0841,Ojibwe_(Canadian_Aboriginal_Syllabics)/character05
omni0842,Ojibwe_(Canadian_Aboriginal_Syllabics)/character06
omni0843,Ojibwe_(Canadian_Aboriginal_Syllabics)/character07
omni0844,Ojibwe_(Canadian_Aboriginal_Syllabics)/character08
omni0845,Ojibwe_(Canadian_Aboriginal_Syllabics)/character09
omni0846,Ojibwe_(Canadian_Aboriginal_Syllabics)/character10
omni0847,Ojibwe_(Canadian_Aboriginal_Syllabics)/character11
omni0848,Ojibwe_(Canadian_Aboriginal_Syllabics)/character12
omni0849,Ojibwe_(Canadian_Aboriginal_Syllabics)/character13
omni0850,Ojibwe_(Canadian_Aboriginal_Syllabics)/character14
omni1389,Old_Church_Slavonic_(Cyrillic)/character01
omni1390,Old_Church_Slavonic_(Cyrillic)/character02
omni1391,Old_Church_Slavonic_(Cyrillic)/character03
omni1392,Old_Church_Slavonic_(Cyrillic)/character04
omni1393,Old_Church_Slavonic_(Cyrillic)/character05
omni1394,Old_Church_Slavonic_(Cyrillic)/character06
omni1395,Old_Church_Slavonic_(Cyrillic)/character07
omni1396,Old_Church_Slavonic_(Cyrillic)/character08
omni1397,Old_Church_Slavonic_(Cyrillic)/character09
omni1398,Old_Church_Slavonic_(Cyrillic)/character10
omni1399,Old_Church_Slavonic_(Cyrillic)/character11
omni1400,Old_Church_Slavonic_(Cyrillic)/character12
omni1401,Old_Church_Slavonic_(Cyrillic)/character13
omni1402,Old_Church_Slavonic_(Cyrillic)/character14
omni1403,Old_Church_Slavonic_(Cyrillic)/character15
omni1404,Old_Church_Slavonic_(Cyrillic)/character16
omni1405,Old_Church_Slavonic_(Cyrillic)/character17
omni1406,Old_Church_Slavonic_(Cyrillic)/character18
omni1407,Old_Church_Slavonic_(Cyrillic)/character19
omni1408,Old_Church_Slavonic_(Cyrillic)/character20
omni1409,Old_Church_Slavonic_(Cyrillic)/character21
omni1410,Old_Church_Slavonic_(Cyrillic)/character22
omni1411,Old_Church_Slavonic_(Cyrillic)/character23
omni1412,Old_Church_Slavonic_(Cyrillic)/character24
omni1413,Old_Church_Slavonic_(Cyrillic)/character25
omni1414,Old_Church_Slavonic_(Cyrillic)/character26
omni1415,Old_Church_Slavonic_(Cyrillic)/character27
omni1416,Old_Church_Slavonic_(Cyrillic)/character28
omni1417,Old_Church_Slavonic_(Cyrillic)/character29
omni1418,Old_Church_Slavonic_(Cyrillic)/character30
omni1419,Old_Church_Slavonic_(Cyrillic)/character31
omni1420,Old_Church_Slavonic_(Cyrillic)/character32
omni1421,Old_Church_Slavonic_(Cyrillic)/character33
omni1422,Old_Church_Slavonic_(Cyrillic)/character34
omni1423,Old_Church_Slavonic_(Cyrillic)/character35
omni1424,Old_Church_Slavonic_(Cyrillic)/character36
omni1425,Old_Church_Slavonic_(Cyrillic)/character37
omni1426,Old_Church_Slavonic_(Cyrillic)/character38
omni1427,Old_Church_Slavonic_(Cyrillic)/character39
omni1428,Old_Church_Slavonic_(Cyrillic)/character40
omni1429,Old_Church_Slavonic_(Cyrillic)/character41
omni1430,Old_Church_Slavonic_(Cyrillic)/character42
omni1431,Old_Church_Slavonic_(Cyrillic)/character43
omni1432,Old_Church_Slavonic_(Cyrillic)/character44
omni1433,Old_Church_Slavonic_(Cyrillic)/character45
omni1434,Oriya/character01
omni1435,Oriya/character02
omni1436,Oriya/character03
omni1437,Oriya/character04
omni1438,Oriya/character05
omni1439,Oriya/character06
omni1440,Oriya/character07
omni1441,Oriya/character08
omni1442,Oriya/character09
omni1443,Oriya/character10
omni1444,Oriya/character11
omni1445,Oriya/character12
omni1446,Oriya/character13
omni1447,Oriya/character14
omni1448,Oriya/character15
omni1449,Oriya/character16
omni1450,Oriya/character17
omni1451,Oriya/character18
omni1452,Oriya/character19
omni1453,Oriya/character20
omni1454,Oriya/character21
omni1455,Oriya/character22
omni1456,Oriya/character23
omni1457,Oriya/character24
omni1458,Oriya/character25
omni1459,Oriya/character26
omni1460,Oriya/character27
omni1461,Oriya/character28
omni1462,Oriya/character29
omni1463,Oriya/character30
omni1464,Oriya/character31
omni1465,Oriya/character32
omni1466,Oriya/character33
omni1467,Oriya/character34
omni1468,Oriya/character35
omni1469,Oriya/character36
omni1470,Oriya/character37
omni1471,Oriya/character38
omni1472,Oriya/character39
omni1473,Oriya/character40
omni1474,Oriya/character41
omni1475,Oriya/character42
omni1476,Oriya/character43
omni1477,Oriya/character44
omni1478,Oriya/character45
omni1479,Oriya/character46
omni0851,Sanskrit/character01
omni0852,Sanskrit/character02
omni0853,Sanskrit/character03
omni0854,Sanskrit/character04
omni0855,Sanskrit/character05
omni0856,Sanskrit/character06
omni0857,Sanskrit/character07
omni0858,Sanskrit/character08
omni0859,Sanskrit/character09
omni0860,Sanskrit/character10
omni0861,Sanskrit/character11
omni0862,Sanskrit/character12
omni0863,Sanskrit/character13
omni0864,Sanskrit/character14
omni0865,Sanskrit/character15
omni0866,Sanskrit/character16
omni0867,Sanskrit/character17
omni0868,Sanskrit/character18
omni0869,Sanskrit/character19
omni0870,Sanskrit/character20
omni0871,Sanskrit/character21
omni0872,Sanskrit/character22
omni0873,Sanskrit/character23
omni0874,Sanskrit/character24
omni0875,Sanskrit/character25
omni0876,Sanskrit/character26
omni0877,Sanskrit/character27
omni0878,Sanskrit/character28
omni0879,Sanskrit/character29
omni0880,Sanskrit/character30
omni0881,Sanskrit/character31
omni0882,Sanskrit/character32
omni0883,Sanskrit/character33
omni0884,Sanskrit/character34
omni0885,Sanskrit/character35
omni0886,Sanskrit/character36
omni0887,Sanskrit/character37
omni0888,Sanskrit/character38
omni0889,Sanskrit/character39
omni0890,Sanskrit/character40
omni0891,Sanskrit/character41
omni0892,Sanskrit/character42
omni1503,Sylheti/character01
omni1504,Sylheti/character02
omni1505,Sylheti/character03
omni1506,Sylheti/character04
omni1507,Sylheti/character05
omni1508,Sylheti/character06
omni1509,Sylheti/character07
omni1510,Sylheti/character08
omni1511,Sylheti/character09
omni1512,Sylheti/character10
omni1513,Sylheti/character11
omni1514,Sylheti/character12
omni1515,Sylheti/character13
omni1516,Sylheti/character14
omni1517,Sylheti/character15
omni1518,Sylheti/character16
omni1519,Sylheti/character17
omni1520,Sylheti/character18
omni1521,Sylheti/character19
omni1522,Sylheti/character20
omni1523,Sylheti/character21
omni1524,Sylheti/character22
omni1525,Sylheti/character23
omni1526,Sylheti/character24
omni1527,Sylheti/character25
omni1528,Sylheti/character26
omni1529,Sylheti/character27
omni1530,Sylheti/character28
omni0273,Syriac_(Estrangelo)/character01
omni0274,Syriac_(Estrangelo)/character02
omni0275,Syriac_(Estrangelo)/character03
omni0276,Syriac_(Estrangelo)/character04
omni0277,Syriac_(Estrangelo)/character05
omni0278,Syriac_(Estrangelo)/character06
omni0279,Syriac_(Estrangelo)/character07
omni0280,Syriac_(Estrangelo)/character08
omni0281,Syriac_(Estrangelo)/character09
omni0282,Syriac_(Estrangelo)/character10
omni0283,Syriac_(Estrangelo)/character11
omni0284,Syriac_(Estrangelo)/character12
omni0285,Syriac_(Estrangelo)/character13
omni0286,Syriac_(Estrangelo)/character14
omni0287,Syriac_(Estrangelo)/character15
omni0288,Syriac_(Estrangelo)/character16
omni0289,Syriac_(Estrangelo)/character17
omni0290,Syriac_(Estrangelo)/character18
omni0291,Syriac_(Estrangelo)/character19
omni0292,Syriac_(Estrangelo)/character20
omni0293,Syriac_(Estrangelo)/character21
omni0294,Syriac_(Estrangelo)/character22
omni0295,Syriac_(Estrangelo)/character23
omni1480,Syriac_(Serto)/character01
omni1481,Syriac_(Serto)/character02
omni1482,Syriac_(Serto)/character03
omni1483,Syriac_(Serto)/character04
omni1484,Syriac_(Serto)/character05
omni1485,Syriac_(Serto)/character06
omni1486,Syriac_(Serto)/character07
omni1487,Syriac_(Serto)/character08
omni1488,Syriac_(Serto)/character09
omni1489,Syriac_(Serto)/character10
omni1490,Syriac_(Serto)/character11
omni1491,Syriac_(Serto)/character12
omni1492,Syriac_(Serto)/character13
omni1493,Syriac_(Serto)/character14
omni1494,Syriac_(Serto)/character15
omni1495,Syriac_(Serto)/character16
omni1496,Syriac_(Serto)/character17
omni1497,Syriac_(Serto)/character18
omni1498,Syriac_(Serto)/character19
omni1499,Syriac_(Serto)/character20
omni1500,Syriac_(Serto)/character21
omni1501,Syriac_(Serto)/character22
omni1502,Syriac_(Serto)/character23
omni0893,Tagalog/character01
omni0894,Tagalog/character02
omni0895,Tagalog/character03
omni0896,Tagalog/character04
omni0897,Tagalog/character05
omni0898,Tagalog/character06
omni0899,Tagalog/character07
omni0900,Tagalog/character08
omni0901,Tagalog/character09
omni0902,Tagalog/character10
omni0903,Tagalog/character11
omni0904,Tagalog/character12
omni0905,Tagalog/character13
omni0906,Tagalog/character14
omni0907,Tagalog/character15
omni0908,Tagalog/character16
omni0909,Tagalog/character17
omni1531,Tengwar/character01
omni1532,Tengwar/character02
omni1533,Tengwar/character03
omni1534,Tengwar/character04
omni1535,Tengwar/character05
omni1536,Tengwar/character06
omni1537,Tengwar/character07
omni1538,Tengwar/character08
omni1539,Tengwar/character09
omni1540,Tengwar/character10
omni1541,Tengwar/character11
omni1542,Tengwar/character12
omni1543,Tengwar/character13
omni1544,Tengwar/character14
omni1545,Tengwar/character15
omni1546,Tengwar/character16
omni1547,Tengwar/character17
omni1548,Tengwar/character18
omni1549,Tengwar/character19
omni1550,Tengwar/character20
omni1551,Tengwar/character21
omni1552,Tengwar/character22
omni1553,Tengwar/character23
omni1554,Tengwar/character24
omni1555,Tengwar/character25
omni1556,Tibetan/character01
omni1557,Tibetan/character02
omni1558,Tibetan/character03
omni1559,Tibetan/character04
omni1560,Tibetan/character05
omni1561,Tibetan/character06
omni1562,Tibetan/character07
omni1563,Tibetan/character08
omni1564,Tibetan/character09
omni1565,Tibetan/character10
omni1566,Tibetan/character11
omni1567,Tibetan/character12
omni1568,Tibetan/character13
omni1569,Tibetan/character14
omni1570,Tibetan/character15
omni1571,Tibetan/character16
omni1572,Tibetan/character17
omni1573,Tibetan/character18
omni1574,Tibetan/character19
omni1575,Tibetan/character20
omni1576,Tibetan/character21
omni1577,Tibetan/character22
omni1578,Tibetan/character23
omni1579,Tibetan/character24
omni1580,Tibetan/character25
omni1581,Tibetan/character26
omni1582,Tibetan/character27
omni1583,Tibetan/character28
omni1584,Tibetan/character29
omni1585,Tibetan/character30
omni1586,Tibetan/character31
omni1587,Tibetan/character32
omni1588,Tibetan/character33
omni1589,Tibetan/character34
omni1590,Tibetan/character35
omni1591,Tibetan/character36
omni1592,Tibetan/character37
omni1593,Tibetan/character38
omni1594,Tibetan/character39
omni1595,Tibetan/character40
omni1596,Tibetan/character41
omni1597,Tibetan/character42
omni0910,Tifinagh/character01
omni0911,Tifinagh/character02
omni0912,Tifinagh/character03
omni0913,Tifinagh/character04
omni0914,Tifinagh/character05
omni0915,Tifinagh/character06
omni0916,Tifinagh/character07
omni0917,Tifinagh/character08
omni0918,Tifinagh/character09
omni0919,Tifinagh/character10
omni0920,Tifinagh/character11
omni0921,Tifinagh/character12
omni0922,Tifinagh/character13
omni0923,Tifinagh/character14
omni0924,Tifinagh/character15
omni0925,Tifinagh/character16
omni0926,Tifinagh/character17
omni0927,Tifinagh/character18
omni0928,Tifinagh/character19
omni0929,Tifinagh/character20
omni0930,Tifinagh/character21
omni0931,Tifinagh/character22
omni0932,Tifinagh/character23
omni0933,Tifinagh/character24
omni0934,Tifinagh/character25
omni0935,Tifinagh/character26
omni0936,Tifinagh/character27
omni0937,Tifinagh/character28
omni0938,Tifinagh/character29
omni0939,Tifinagh/character30
omni0940,Tifinagh/character31
omni0941,Tifinagh/character32
omni0942,Tifinagh/character33
omni0943,Tifinagh/character34
omni0944,Tifinagh/character35
omni0945,Tifinagh/character36
omni0946,Tifinagh/character37
omni0947,Tifinagh/character38
omni0948,Tifinagh/character39
omni0949,Tifinagh/character40
omni0950,Tifinagh/character41
omni0951,Tifinagh/character42
omni0952,Tifinagh/character43
omni0953,Tifinagh/character44
omni0954,Tifinagh/character45
omni0955,Tifinagh/character46
omni0956,Tifinagh/character47
omni0957,Tifinagh/character48
omni0958,Tifinagh/character49
omni0959,Tifinagh/character50
omni0960,Tifinagh/character51
omni0961,Tifinagh/character52
omni0962,Tifinagh/character53
omni0963,Tifinagh/character54
omni0964,Tifinagh/character55
omni1598,ULOG/character01
omni1599,ULOG/character02
omni1600,ULOG/character03
omni1601,ULOG/character04
omni1602,ULOG/character05
omni1603,ULOG/character06
omni1604,ULOG/character07
omni1605,ULOG/character08
omni1606,ULOG/character09
omni1607,ULOG/character10
omni1608,ULOG/character11
omni1609,ULOG/character12
omni1610,ULOG/character13
omni1611,ULOG/character14
omni1612,ULOG/character15
omni1613,ULOG/character16
omni1614,ULOG/character17
omni1615,ULOG/character18
omni1616,ULOG/character19
omni1617,ULOG/character20
omni1618,ULOG/character21
omni1619,ULOG/character22
omni1620,ULOG/character23
omni1621,ULOG/character24
omni1622,ULOG/character25
omni1623,ULOG/character26
